id;nom;marque;categorie;aussi_dans;format;prix_fcfa;ancien_prix_fcfa;stock;description;image_provisoire;image_definitive;badge;a_verifier
001;Dexyane Gel nettoyant surgras;Ducray;Corps;Visage;400 ml;14000;;Disponible;Gel nettoyant sans savon pour visage et corps, pour peaux très sèches à tendance atopique. Flacon pompe.;IMG_1206.jpeg;001-ducray-dexyane-gel-nettoyant-400ml.webp;;
002;Ictyane Crème émolliente nutritive;Ducray;Corps;Visage;200 ml;14000;;Disponible;Crème émolliente nutritive visage et corps, pour peaux sèches à très sèches. Tube.;IMG_1205.jpeg;002-ducray-ictyane-creme-200ml.webp;;
003;Crème Niacinamide Correction Éclat;Mixa;Corps;;;13500;;Disponible;Crème hydratante anti-taches au beurre de karité, niacinamide et vitamine C, pour peaux très sèches. Pot.;IMG_1204.jpeg;003-mixa-creme-niacinamide.webp;;Format (non visible) et catégorie à confirmer
004;SA Gel nettoyant anti-rugosités;CeraVe;Corps;;236 ml;13500;;Disponible;Gel nettoyant sans parfum aux 3 céramides essentiels, acide salicylique et acide hyaluronique, pour peaux sèches et rugueuses.;IMG_1203.jpeg;004-cerave-sa-gel-nettoyant-236ml.webp;;Catégorie à confirmer (visage ou corps)
005;Baume hydratant;CeraVe;Corps;Visage;454 g;17000;;Disponible;Baume hydratant sans parfum visage et corps, aux 3 céramides essentiels et acide hyaluronique, pour peaux sèches à très sèches. Pot.;IMG_1202.jpeg;005-cerave-baume-hydratant-454g.webp;;
006;Xeracalm Nutrition Lait hydratant;Avène;Corps;Visage;400 ml;14500;;Disponible;Lait hydratant visage et corps pour peaux sensibles sèches. Flacon pompe.;IMG_1201.jpeg;006-avene-xeracalm-lait-400ml.webp;;
007;Lait corps nutritif satinant;Mixa;Corps;;400 ml;9000;;Disponible;Lait corps à l'huile et au beurre de karité, pour peaux très sèches et ternes. Hypoallergénique. Flacon pompe.;IMG_1199.jpeg;007-mixa-lait-corps-nutritif-400ml.webp;;
008;Effaclar Gel moussant purifiant;La Roche-Posay;Visage;;300 ml;20000;;Disponible;Gel moussant purifiant, pour peaux grasses à tendance acnéique. Format économique.;IMG_1198.jpeg;008-la-roche-posay-effaclar-gel-300ml.webp;;
009;Mela B3 Soin corps double action;La Roche-Posay;Corps;;200 ml;18000;;Disponible;Soin corps double action à la niacinamide et au LHA, technologie d'absorption en 1 seconde. Tube.;IMG_1197.jpeg;009-la-roche-posay-mela-b3-200ml.webp;;
010;Sun Gel-crème Oil Control SPF 50+ Toucher sec;Eucerin;Corps;;;18300;;Disponible;Gel-crème solaire SPF 50+ à texture ultra-légère et toucher sec. Résistant à l'eau et à la sueur.;IMG_1196.jpeg;010-eucerin-sun-gel-creme-spf50.webp;;Format (non visible) et catégorie à confirmer (solaire)
011;Aquaphor Baume réparateur;Eucerin;Corps;;;17000;;Disponible;Baume pour peau sèche, craquelée ou irritée. Tube.;IMG_1195.jpeg;011-eucerin-aquaphor-baume.webp;;Format (non visible) et catégorie à confirmer
012;Sébionex Gel nettoyant;ACM;Visage;Corps;200 ml;10500;;Disponible;Gel nettoyant doux sans savon, pour peaux grasses et à imperfections. Visage et corps. Flacon pompe.;IMG_1194.jpeg;012-acm-sebionex-gel-200ml.webp;;
013;Moisturising Lotion (Lait hydratant);CeraVe;Corps;Visage;473 ml;17000;;Disponible;Lait hydratant sans parfum visage et corps, aux 3 céramides essentiels et acide hyaluronique, pour peaux sèches à très sèches. Flacon pompe.;IMG_1193.jpeg;013-cerave-lait-hydratant-473ml.webp;;
014;Sensitélial Soin émollient;ACM;Corps;Visage;500 ml;13000;;Disponible;Soin émollient pour peaux sèches ou à tendance atopique. Visage et corps. Flacon pompe.;IMG_1192.jpeg;014-acm-sensitelial-500ml.webp;;
